tag,arm,fold,kind,n_te,sse,sstot,auc,secs,bss,설정,model,shared_from
base,real,4,C,856770,61681.5,72333.28125,0.7946676343833249,363.8,0.14725975465132102,순환 이중 잠재 (비제약 읽기층),,
base,shuffle0,2,C,867192,63090.625,73266.7734375,0.780353488099669,342.2,0.13889172349292456,순환 이중 잠재 (비제약 읽기층),,
base,shuffle2,2,C,867192,63163.36328125,73266.7734375,0.7803231475406003,346.0,0.13789893675157794,순환 이중 잠재 (비제약 읽기층),,
base,shuffle2,3,B,898456,65290.8515625,75049.609375,0.7762471384819173,270.6,0.1300307609029444,순환 이중 잠재 (비제약 읽기층),,
base,shuffle2,3,C,898456,65311.375,75049.609375,0.7748097825652095,344.2,0.12975729595527963,순환 이중 잠재 (비제약 읽기층),,
base,shuffle0,3,C,898456,65356.51953125,75049.609375,0.7740325046282704,336.8,0.1291557667584462,순환 이중 잠재 (비제약 읽기층),,
base,real,3,B,898456,64627.1171875,75049.609375,0.7880914109816485,330.6,0.1388747026706293,순환 이중 잠재 (비제약 읽기층),,
base,real,0,B,869183,62587.9765625,73083.59375,0.7895211358484839,321.1,0.14361112595807457,순환 이중 잠재 (비제약 읽기층),,
base,shuffle2,2,B,867192,63001.98828125,73266.7734375,0.7818671076989901,275.7,0.1401015040604503,순환 이중 잠재 (비제약 읽기층),,
base,real,3,A,898456,65167.51953125,75049.609375,0.7769448323382755,311.8,0.13167410098528576,순환 이중 잠재 (비제약 읽기층),,
base,real,1,B,870947,62797.3125,73727.5390625,0.7943008981800647,290.5,0.14825161264686015,순환 이중 잠재 (비제약 읽기층),,
base,shuffle0,4,B,856770,62732.1171875,72333.28125,0.7773910475113647,266.5,0.1327350826145468,순환 이중 잠재 (비제약 읽기층),,
base,real,2,B,867192,62394.1953125,73266.7734375,0.792588415744534,318.5,0.14839711938829703,순환 이중 잠재 (비제약 읽기층),,
base,shuffle1,3,B,898456,65312.09375,75049.609375,0.7760285789404809,259.9,0.12974771895673176,순환 이중 잠재 (비제약 읽기층),,
base,real,4,A,856770,62661.97265625,72333.28125,0.7780772644166684,305.2,0.13370482337616896,순환 이중 잠재 (비제약 읽기층),,
base,real,0,C,869183,62147.7734375,73083.59375,0.7936246230317414,364.2,0.14963440837226205,순환 이중 잠재 (비제약 읽기층),,
base,shuffle1,1,C,870947,63638.23828125,73727.5390625,0.7802239103113819,341.5,0.13684575546048183,순환 이중 잠재 (비제약 읽기층),,
base,real,2,C,867192,62036.1875,73266.7734375,0.7966730452213673,371.0,0.15328347913505724,순환 이중 잠재 (비제약 읽기층),,
base,shuffle0,2,B,867192,63039.17578125,73266.7734375,0.7818398819292824,268.2,0.13959394110584955,순환 이중 잠재 (비제약 읽기층),,
base,shuffle1,4,B,856770,62705.5234375,72333.28125,0.7778529878863886,251.0,0.13310273840922981,순환 이중 잠재 (비제약 읽기층),,
base,shuffle1,1,B,870947,63711.0,73727.5390625,0.781030508186304,257.4,0.1358588553187544,순환 이중 잠재 (비제약 읽기층),,
base,real,1,C,870947,62374.40625,73727.5390625,0.7986406432938928,383.9,0.15398768162973364,순환 이중 잠재 (비제약 읽기층),,
base,shuffle1,2,C,867192,63120.15234375,73266.7734375,0.7799763215797262,347.2,0.13848871210911917,순환 이중 잠재 (비제약 읽기층),,
base,shuffle2,4,C,856770,62757.9765625,72333.28125,0.7771481340352079,350.2,0.13237757947694373,순환 이중 잠재 (비제약 읽기층),,
base,shuffle1,4,C,856770,62816.55078125,72333.28125,0.7745039981006951,342.7,0.13156779706782618,순환 이중 잠재 (비제약 읽기층),,
base,shuffle0,4,C,856770,62817.796875,72333.28125,0.7736006527546815,318.7,0.1315505699528874,순환 이중 잠재 (비제약 읽기층),,
base,shuffle2,4,B,856770,62755.48828125,72333.28125,0.777009185851534,267.7,0.1324119797033264,순환 이중 잠재 (비제약 읽기층),,
base,real,3,C,898456,64235.09375,75049.609375,0.7911174454325411,367.0,0.14409822669380146,순환 이중 잠재 (비제약 읽기층),,
base,shuffle0,0,B,869183,63162.28515625,73083.59375,0.7785287734497393,280.7,0.13575288357723925,순환 이중 잠재 (비제약 읽기층),,
base,shuffle2,0,B,869183,63224.62890625,73083.59375,0.7781723628094207,263.5,0.1348998364458508,순환 이중 잠재 (비제약 읽기층),,
base,shuffle1,0,C,869183,63235.5,73083.59375,0.776942501044878,340.8,0.1347510876885416,순환 이중 잠재 (비제약 읽기층),,
base,shuffle1,3,C,898456,65332.26171875,75049.609375,0.7749525145164223,354.0,0.12947899045943567,순환 이중 잠재 (비제약 읽기층),,
base,real,2,A,867192,62962.515625,73266.7734375,0.7821780612970914,304.0,0.1406402565453495,순환 이중 잠재 (비제약 읽기층),,
base,shuffle0,1,B,870947,63729.9921875,73727.5390625,0.7805108449777561,260.1,0.13560125567903358,순환 이중 잠재 (비제약 읽기층),,
base,shuffle2,1,B,870947,63719.96875,73727.5390625,0.7805438894950532,271.8,0.1357372081009841,순환 이중 잠재 (비제약 읽기층),,
base,shuffle0,1,C,870947,63574.984375,73727.5390625,0.7796257357921862,341.7,0.13770369683563588,순환 이중 잠재 (비제약 읽기층),,
base,shuffle0,0,C,869183,63180.375,73083.59375,0.7779439928099756,343.9,0.13550536094155874,순환 이중 잠재 (비제약 읽기층),,
base,real,1,A,870947,63580.9296875,73727.5390625,0.7828248915841947,301.2,0.13762305786984919,순환 이중 잠재 (비제약 읽기층),,
base,shuffle1,2,B,867192,63020.2421875,73266.7734375,0.781538010675569,256.2,0.13985236102611742,순환 이중 잠재 (비제약 읽기층),,
base,shuffle0,3,B,898456,65313.296875,75049.609375,0.7759301307800996,254.3,0.12973168789394518,순환 이중 잠재 (비제약 읽기층),,
base,real,4,B,856770,62032.5078125,72333.28125,0.7906618490255541,317.0,0.14240710858806782,순환 이중 잠재 (비제약 읽기층),,
base,shuffle1,0,B,869183,63214.3125,73083.59375,0.7777394715688727,252.7,0.13504099543544956,순환 이중 잠재 (비제약 읽기층),,
base,real,0,A,869183,63089.3359375,73083.59375,0.7792791875088318,320.3,0.1367510449292869,순환 이중 잠재 (비제약 읽기층),,
base,shuffle2,1,C,870947,63725.390625,73727.5390625,0.7794023420259735,353.2,0.13566366875504987,순환 이중 잠재 (비제약 읽기층),,
base,shuffle2,0,C,869183,63229.59375,73083.59375,0.7776536695533404,342.4,0.13483190267993628,순환 이중 잠재 (비제약 읽기층),,
wardX,shuffle1,3,B,898456,64862.82421875,75049.609375,0.7828405522411782,311.7,0.13573401968489596,순환 이중 잠재 — 병동 통제,,
wardX,shuffle2,3,C,898456,64948.625,75049.609375,0.7811871807177182,325.9,0.1345907654832481,순환 이중 잠재 — 병동 통제,,
wardX,shuffle1,1,B,870947,63156.171875,73727.5390625,0.7883138933397545,341.7,0.1433842404333947,순환 이중 잠재 — 병동 통제,,
wardX,shuffle2,3,B,898456,64834.578125,75049.609375,0.7832036050095025,323.5,0.13611038531804487,순환 이중 잠재 — 병동 통제,,
wardX,shuffle1,0,C,869183,62879.15625,73083.59375,0.783905630059859,342.3,0.13962692550268851,순환 이중 잠재 — 병동 통제,,
wardX,real,0,A,869183,62699.71875,73083.59375,0.7860561608435412,355.7,0.1420821619079179,순환 이중 잠재 — 병동 통제,,
wardX,shuffle1,0,B,869183,62794.73828125,73083.59375,0.7848788004169159,336.5,0.1407820133195078,순환 이중 잠재 — 병동 통제,,
wardX,shuffle1,4,C,856770,62326.96484375,72333.28125,0.7841745336846272,375.2,0.13833627112346714,순환 이중 잠재 — 병동 통제,,
wardX,real,4,A,856770,62292.578125,72333.28125,0.7836774987567422,383.6,0.13881166389088706,순환 이중 잠재 — 병동 통제,,
wardX,real,4,B,856770,61787.21875,72333.28125,0.7946468002520517,361.5,0.14579820405976673,순환 이중 잠재 — 병동 통제,,
wardX,real,1,C,870947,62161.3828125,73727.5390625,0.7999607623769998,411.1,0.1568770149807277,순환 이중 잠재 — 병동 통제,,
wardX,shuffle0,1,B,870947,63161.375,73727.5390625,0.7877470527821973,339.7,0.1433136680927719,순환 이중 잠재 — 병동 통제,,
wardX,shuffle2,1,B,870947,63172.734375,73727.5390625,0.7878012675340055,337.1,0.14315959574552628,순환 이중 잠재 — 병동 통제,,
wardX,shuffle1,2,C,867192,62665.62890625,73266.7734375,0.7876911926810463,344.1,0.1446923896586394,순환 이중 잠재 — 병동 통제,,
wardX,shuffle0,4,C,856770,62367.98828125,72333.28125,0.7823779642516276,370.1,0.13776912641786176,순환 이중 잠재 — 병동 통제,,
wardX,shuffle0,1,C,870947,63230.6328125,73727.5390625,0.7863512401589853,348.5,0.14237429301826565,순환 이중 잠재 — 병동 통제,,
wardX,real,0,B,869183,62310.640625,73083.59375,0.7932193185043861,385.1,0.14740590291511224,순환 이중 잠재 — 병동 통제,,
wardX,shuffle2,4,B,856770,62339.31640625,72333.28125,0.7828805853127265,335.4,0.13816551207194128,순환 이중 잠재 — 병동 통제,,
wardX,real,2,B,867192,62059.03515625,73266.7734375,0.7970000606295885,354.0,0.15297163714750894,순환 이중 잠재 — 병동 통제,,
wardX,shuffle2,2,B,867192,62592.48828125,73266.7734375,0.788630982938122,340.2,0.145690667889936,순환 이중 잠재 — 병동 통제,,
wardX,shuffle0,2,C,867192,62614.7578125,73266.7734375,0.7878526692844361,369.8,0.1453867165869761,순환 이중 잠재 — 병동 통제,,
wardX,real,3,B,898456,64298.59375,75049.609375,0.7924432285194799,359.2,0.1432521196916623,순환 이중 잠재 — 병동 통제,,
wardX,real,3,C,898456,64022.953125,75049.609375,0.7938687354418098,392.9,0.14692489863475722,순환 이중 잠재 — 병동 통제,,
wardX,shuffle1,2,B,867192,62628.9765625,73266.7734375,0.7882325765080128,327.5,0.14519264839845225,순환 이중 잠재 — 병동 통제,,
wardX,shuffle1,3,C,898456,64964.7421875,75049.609375,0.7815148144322784,336.8,0.13437601170059388,순환 이중 잠재 — 병동 통제,,
wardX,shuffle0,3,C,898456,64997.8125,75049.609375,0.7807324919463619,355.6,0.1339353656695832,순환 이중 잠재 — 병동 통제,,
wardX,shuffle0,0,B,869183,62767.80859375,73083.59375,0.7847918694554584,337.0,0.14115049119693845,순환 이중 잠재 — 병동 통제,,
wardX,shuffle2,1,C,870947,63243.546875,73727.5390625,0.7864595758023248,370.1,0.14219913374041349,순환 이중 잠재 — 병동 통제,,
wardX,shuffle1,1,C,870947,63231.4765625,73727.5390625,0.7871781889415513,345.2,0.14236284885492134,순환 이중 잠재 — 병동 통제,,
wardX,shuffle0,3,B,898456,64848.8359375,75049.609375,0.7828753623475847,322.9,0.13592040681424267,순환 이중 잠재 — 병동 통제,,
wardX,shuffle2,2,C,867192,62626.5703125,73266.7734375,0.7879730324058526,343.0,0.14522549070727941,순환 이중 잠재 — 병동 통제,,
wardX,real,1,A,870947,63066.15625,73727.5390625,0.7893500438471359,375.5,0.14460516311906435,순환 이중 잠재 — 병동 통제,,
wardX,shuffle0,0,C,869183,62880.09765625,73083.59375,0.7829815376334959,340.1,0.13961404427720825,순환 이중 잠재 — 병동 통제,,
wardX,real,2,C,867192,61738.5390625,73266.7734375,0.7995432171113187,406.7,0.15734600875844662,순환 이중 잠재 — 병동 통제,,
wardX,shuffle2,0,C,869183,62846.5390625,73083.59375,0.7840434335626376,349.0,0.14007322522368437,순환 이중 잠재 — 병동 통제,,
wardX,real,3,A,898456,64778.3984375,75049.609375,0.7838939727071107,351.9,0.1368589526719306,순환 이중 잠재 — 병동 통제,,
wardX,shuffle1,4,B,856770,62316.1953125,72333.28125,0.7836839159787289,337.6,0.13848515875947487,순환 이중 잠재 — 병동 통제,,
wardX,real,1,B,870947,62410.98828125,73727.5390625,0.7983542377770937,391.4,0.15349150297362812,순환 이중 잠재 — 병동 통제,,
wardX,real,2,A,867192,62516.59375,73266.7734375,0.7889166587886638,374.8,0.14672653350390008,순환 이중 잠재 — 병동 통제,,
wardX,shuffle0,4,B,856770,62336.4296875,72333.28125,0.7832092434786115,336.9,0.13820542065482477,순환 이중 잠재 — 병동 통제,,
wardX,real,0,C,869183,61981.53125,73083.59375,0.7955299809654144,404.4,0.1519090938244947,순환 이중 잠재 — 병동 통제,,
wardX,shuffle2,4,C,856770,62352.6640625,72333.28125,0.7838386380837001,370.6,0.13798098212916343,순환 이중 잠재 — 병동 통제,,
wardX,real,4,C,856770,61429.94140625,72333.28125,0.796985969674129,400.7,0.1507375257326654,순환 이중 잠재 — 병동 통제,,
wardX,shuffle2,0,B,869183,62809.4140625,73083.59375,0.7847473214923107,316.4,0.14058120516959394,순환 이중 잠재 — 병동 통제,,
wardX,shuffle0,2,B,867192,62592.390625,73266.7734375,0.7885230799814483,334.5,0.1456920007758462,순환 이중 잠재 — 병동 통제,,
base,real,4,C,856770,61681.5,72333.28125,0.7946676343833249,363.8,0.14725975465132102,"순환 이중 잠재 (귀무2, 정합비교)",,
base,shuffle0,2,C,867192,63090.625,73266.7734375,0.780353488099669,342.2,0.13889172349292456,"순환 이중 잠재 (귀무2, 정합비교)",,
base,shuffle2,2,C,867192,63163.36328125,73266.7734375,0.7803231475406003,346.0,0.13789893675157794,"순환 이중 잠재 (귀무2, 정합비교)",,
base,shuffle2,3,B,898456,65290.8515625,75049.609375,0.7762471384819173,270.6,0.1300307609029444,"순환 이중 잠재 (귀무2, 정합비교)",,
base,shuffle2,3,C,898456,65311.375,75049.609375,0.7748097825652095,344.2,0.12975729595527963,"순환 이중 잠재 (귀무2, 정합비교)",,
base,shuffle0,3,C,898456,65356.51953125,75049.609375,0.7740325046282704,336.8,0.1291557667584462,"순환 이중 잠재 (귀무2, 정합비교)",,
base,real,3,B,898456,64627.1171875,75049.609375,0.7880914109816485,330.6,0.1388747026706293,"순환 이중 잠재 (귀무2, 정합비교)",,
base,real,0,B,869183,62587.9765625,73083.59375,0.7895211358484839,321.1,0.14361112595807457,"순환 이중 잠재 (귀무2, 정합비교)",,
base,shuffle2,2,B,867192,63001.98828125,73266.7734375,0.7818671076989901,275.7,0.1401015040604503,"순환 이중 잠재 (귀무2, 정합비교)",,
base,real,3,A,898456,65167.51953125,75049.609375,0.7769448323382755,311.8,0.13167410098528576,"순환 이중 잠재 (귀무2, 정합비교)",,
base,real,1,B,870947,62797.3125,73727.5390625,0.7943008981800647,290.5,0.14825161264686015,"순환 이중 잠재 (귀무2, 정합비교)",,
base,shuffle0,4,B,856770,62732.1171875,72333.28125,0.7773910475113647,266.5,0.1327350826145468,"순환 이중 잠재 (귀무2, 정합비교)",,
base,real,2,B,867192,62394.1953125,73266.7734375,0.792588415744534,318.5,0.14839711938829703,"순환 이중 잠재 (귀무2, 정합비교)",,
base,shuffle1,3,B,898456,65312.09375,75049.609375,0.7760285789404809,259.9,0.12974771895673176,"순환 이중 잠재 (귀무2, 정합비교)",,
base,real,4,A,856770,62661.97265625,72333.28125,0.7780772644166684,305.2,0.13370482337616896,"순환 이중 잠재 (귀무2, 정합비교)",,
base,real,0,C,869183,62147.7734375,73083.59375,0.7936246230317414,364.2,0.14963440837226205,"순환 이중 잠재 (귀무2, 정합비교)",,
base,shuffle1,1,C,870947,63638.23828125,73727.5390625,0.7802239103113819,341.5,0.13684575546048183,"순환 이중 잠재 (귀무2, 정합비교)",,
base,real,2,C,867192,62036.1875,73266.7734375,0.7966730452213673,371.0,0.15328347913505724,"순환 이중 잠재 (귀무2, 정합비교)",,
base,shuffle0,2,B,867192,63039.17578125,73266.7734375,0.7818398819292824,268.2,0.13959394110584955,"순환 이중 잠재 (귀무2, 정합비교)",,
base,shuffle1,4,B,856770,62705.5234375,72333.28125,0.7778529878863886,251.0,0.13310273840922981,"순환 이중 잠재 (귀무2, 정합비교)",,
base,shuffle1,1,B,870947,63711.0,73727.5390625,0.781030508186304,257.4,0.1358588553187544,"순환 이중 잠재 (귀무2, 정합비교)",,
base,real,1,C,870947,62374.40625,73727.5390625,0.7986406432938928,383.9,0.15398768162973364,"순환 이중 잠재 (귀무2, 정합비교)",,
base,shuffle1,2,C,867192,63120.15234375,73266.7734375,0.7799763215797262,347.2,0.13848871210911917,"순환 이중 잠재 (귀무2, 정합비교)",,
base,shuffle2,4,C,856770,62757.9765625,72333.28125,0.7771481340352079,350.2,0.13237757947694373,"순환 이중 잠재 (귀무2, 정합비교)",,
base,shuffle1,4,C,856770,62816.55078125,72333.28125,0.7745039981006951,342.7,0.13156779706782618,"순환 이중 잠재 (귀무2, 정합비교)",,
base,shuffle0,4,C,856770,62817.796875,72333.28125,0.7736006527546815,318.7,0.1315505699528874,"순환 이중 잠재 (귀무2, 정합비교)",,
base,shuffle2,4,B,856770,62755.48828125,72333.28125,0.777009185851534,267.7,0.1324119797033264,"순환 이중 잠재 (귀무2, 정합비교)",,
base,real,3,C,898456,64235.09375,75049.609375,0.7911174454325411,367.0,0.14409822669380146,"순환 이중 잠재 (귀무2, 정합비교)",,
base,shuffle0,0,B,869183,63162.28515625,73083.59375,0.7785287734497393,280.7,0.13575288357723925,"순환 이중 잠재 (귀무2, 정합비교)",,
base,shuffle2,0,B,869183,63224.62890625,73083.59375,0.7781723628094207,263.5,0.1348998364458508,"순환 이중 잠재 (귀무2, 정합비교)",,
base,shuffle1,0,C,869183,63235.5,73083.59375,0.776942501044878,340.8,0.1347510876885416,"순환 이중 잠재 (귀무2, 정합비교)",,
base,shuffle1,3,C,898456,65332.26171875,75049.609375,0.7749525145164223,354.0,0.12947899045943567,"순환 이중 잠재 (귀무2, 정합비교)",,
base,real,2,A,867192,62962.515625,73266.7734375,0.7821780612970914,304.0,0.1406402565453495,"순환 이중 잠재 (귀무2, 정합비교)",,
base,shuffle0,1,B,870947,63729.9921875,73727.5390625,0.7805108449777561,260.1,0.13560125567903358,"순환 이중 잠재 (귀무2, 정합비교)",,
base,shuffle2,1,B,870947,63719.96875,73727.5390625,0.7805438894950532,271.8,0.1357372081009841,"순환 이중 잠재 (귀무2, 정합비교)",,
base,shuffle0,1,C,870947,63574.984375,73727.5390625,0.7796257357921862,341.7,0.13770369683563588,"순환 이중 잠재 (귀무2, 정합비교)",,
base,shuffle0,0,C,869183,63180.375,73083.59375,0.7779439928099756,343.9,0.13550536094155874,"순환 이중 잠재 (귀무2, 정합비교)",,
base,real,1,A,870947,63580.9296875,73727.5390625,0.7828248915841947,301.2,0.13762305786984919,"순환 이중 잠재 (귀무2, 정합비교)",,
base,shuffle1,2,B,867192,63020.2421875,73266.7734375,0.781538010675569,256.2,0.13985236102611742,"순환 이중 잠재 (귀무2, 정합비교)",,
base,shuffle0,3,B,898456,65313.296875,75049.609375,0.7759301307800996,254.3,0.12973168789394518,"순환 이중 잠재 (귀무2, 정합비교)",,
base,real,4,B,856770,62032.5078125,72333.28125,0.7906618490255541,317.0,0.14240710858806782,"순환 이중 잠재 (귀무2, 정합비교)",,
base,shuffle1,0,B,869183,63214.3125,73083.59375,0.7777394715688727,252.7,0.13504099543544956,"순환 이중 잠재 (귀무2, 정합비교)",,
base,real,0,A,869183,63089.3359375,73083.59375,0.7792791875088318,320.3,0.1367510449292869,"순환 이중 잠재 (귀무2, 정합비교)",,
base,shuffle2,1,C,870947,63725.390625,73727.5390625,0.7794023420259735,353.2,0.13566366875504987,"순환 이중 잠재 (귀무2, 정합비교)",,
base,shuffle2,0,C,869183,63229.59375,73083.59375,0.7776536695533404,342.4,0.13483190267993628,"순환 이중 잠재 (귀무2, 정합비교)",,
base,real,4,C,856770,62281.828125,72333.28125,0.7855963759607871,278.7,0.1389602815094193,분해 정합 변종 CDLD-A 1차(붕괴),CDLD-A,
base,shuffle0,2,C,867192,63009.68359375,73266.7734375,0.7823192447413554,321.6,0.13999647265072723,분해 정합 변종 CDLD-A 1차(붕괴),CDLD-A,
base,shuffle0,3,C,898456,65137.046875,75049.609375,0.7772388749089525,324.9,0.13208013449437095,분해 정합 변종 CDLD-A 1차(붕괴),CDLD-A,
base,real,3,B,898456,64859.5625,75049.609375,0.7827025181720048,289.9,0.13577748052069727,분해 정합 변종 CDLD-A 1차(붕괴),CDLD-A,
base,real,0,B,869183,62768.18359375,73083.59375,0.7847033443935145,295.2,0.14114536008637368,분해 정합 변종 CDLD-A 1차(붕괴),CDLD-A,
base,real,3,A,898456,65167.51953125,75049.609375,0.7769448323382755,311.8,0.13167410098528576,분해 정합 변종 CDLD-A 1차(붕괴),CDLD-A,native CDLD A
base,real,1,B,870947,63262.28125,73727.5390625,0.7891333498390126,316.4,0.1419450309283813,분해 정합 변종 CDLD-A 1차(붕괴),CDLD-A,
base,shuffle0,4,B,856770,62663.5234375,72333.28125,0.7765029926819798,287.9,0.1336833839886118,분해 정합 변종 CDLD-A 1차(붕괴),CDLD-A,
base,real,2,B,867192,62659.7421875,73266.7734375,0.7880973517104738,288.9,0.1447727360213057,분해 정합 변종 CDLD-A 1차(붕괴),CDLD-A,
base,shuffle1,3,B,898456,65218.40625,75049.609375,0.776749132392924,283.8,0.1309960598978801,분해 정합 변종 CDLD-A 1차(붕괴),CDLD-A,
base,real,4,A,856770,62661.97265625,72333.28125,0.7780772644166684,305.2,0.13370482337616896,분해 정합 변종 CDLD-A 1차(붕괴),CDLD-A,native CDLD A
base,real,0,C,869183,62657.0703125,73083.59375,0.7860623583180892,314.1,0.14266571883652068,분해 정합 변종 CDLD-A 1차(붕괴),CDLD-A,
base,shuffle1,1,C,870947,63472.640625,73727.5390625,0.782265433159997,320.6,0.1390918314635019,분해 정합 변종 CDLD-A 1차(붕괴),CDLD-A,
base,real,2,C,867192,62626.0859375,73266.7734375,0.78850451265631,315.3,0.1452321018213939,분해 정합 변종 CDLD-A 1차(붕괴),CDLD-A,
base,shuffle0,2,B,867192,62972.9453125,73266.7734375,0.7828543447685749,302.0,0.1404979043301411,분해 정합 변종 CDLD-A 1차(붕괴),CDLD-A,
base,shuffle1,4,B,856770,62672.0,72333.28125,0.7764494057302417,295.7,0.13356619640423129,분해 정합 변종 CDLD-A 1차(붕괴),CDLD-A,
base,shuffle1,1,B,870947,63639.3046875,73727.5390625,0.782831667526866,299.7,0.1368312913095885,분해 정합 변종 CDLD-A 1차(붕괴),CDLD-A,
base,real,1,C,870947,63026.96875,73727.5390625,0.7892145263330135,312.5,0.14513668092771903,분해 정합 변종 CDLD-A 1차(붕괴),CDLD-A,
base,shuffle1,2,C,867192,63014.79296875,73266.7734375,0.7822274346479462,317.9,0.13992673605990613,분해 정합 변종 CDLD-A 1차(붕괴),CDLD-A,
base,shuffle1,4,C,856770,62651.91796875,72333.28125,0.7791740584906413,312.2,0.13384382837257225,분해 정합 변종 CDLD-A 1차(붕괴),CDLD-A,
base,shuffle0,4,C,856770,62639.890625,72333.28125,0.7791992519128705,324.4,0.13401010513400424,분해 정합 변종 CDLD-A 1차(붕괴),CDLD-A,
base,real,3,C,898456,64740.7109375,75049.609375,0.7838948742487792,320.7,0.1373611205088301,분해 정합 변종 CDLD-A 1차(붕괴),CDLD-A,
base,shuffle0,0,B,869183,63078.9765625,73083.59375,0.7794033956621236,304.3,0.1368927918586379,분해 정합 변종 CDLD-A 1차(붕괴),CDLD-A,
base,shuffle1,0,C,869183,63024.8984375,73083.59375,0.7801029453029408,318.4,0.13763274076132848,분해 정합 변종 CDLD-A 1차(붕괴),CDLD-A,
base,shuffle1,3,C,898456,65154.171875,75049.609375,0.7770823993006304,305.7,0.13185195209418765,분해 정합 변종 CDLD-A 1차(붕괴),CDLD-A,
base,real,2,A,867192,62962.515625,73266.7734375,0.7821780612970914,304.0,0.1406402565453495,분해 정합 변종 CDLD-A 1차(붕괴),CDLD-A,native CDLD A
base,shuffle0,1,B,870947,63648.671875,73727.5390625,0.7825252273805652,300.0,0.13670423990357228,분해 정합 변종 CDLD-A 1차(붕괴),CDLD-A,
base,shuffle0,1,C,870947,63564.44921875,73727.5390625,0.7822087485918797,324.0,0.13784658993072574,분해 정합 변종 CDLD-A 1차(붕괴),CDLD-A,
base,shuffle0,0,C,869183,63041.5,73083.59375,0.7799613827348382,313.7,0.13740558222070187,분해 정합 변종 CDLD-A 1차(붕괴),CDLD-A,
base,real,1,A,870947,63580.9296875,73727.5390625,0.7828248915841947,301.2,0.13762305786984919,분해 정합 변종 CDLD-A 1차(붕괴),CDLD-A,native CDLD A
base,shuffle1,2,B,867192,62984.453125,73266.7734375,0.7826813004045451,295.7,0.1403408370544842,분해 정합 변종 CDLD-A 1차(붕괴),CDLD-A,
base,shuffle0,3,B,898456,65204.859375,75049.609375,0.7768295342515428,284.6,0.1311765655009447,분해 정합 변종 CDLD-A 1차(붕괴),CDLD-A,
base,real,4,B,856770,62364.18359375,72333.28125,0.7819126889039721,301.0,0.13782172582209518,분해 정합 변종 CDLD-A 1차(붕괴),CDLD-A,
base,shuffle1,0,B,869183,63057.609375,73083.59375,0.7795592491548546,303.6,0.1371851582626915,분해 정합 변종 CDLD-A 1차(붕괴),CDLD-A,
base,real,0,A,869183,63089.3359375,73083.59375,0.7792791875088318,320.3,0.1367510449292869,분해 정합 변종 CDLD-A 1차(붕괴),CDLD-A,native CDLD A
base,real,4,C,856770,61693.05859375,72333.28125,0.7936705089027309,308.2,0.14709995830930178,분해 정합 변종 CDLD-A,CDLD-A2,
base,shuffle0,2,C,867192,63038.875,73266.7734375,0.781297678286709,318.0,0.13959804639445295,분해 정합 변종 CDLD-A,CDLD-A2,
base,shuffle0,3,C,898456,65213.76171875,75049.609375,0.7757630477715272,309.9,0.13105794604610488,분해 정합 변종 CDLD-A,CDLD-A2,
base,real,3,B,898456,64859.5625,75049.609375,0.7827025181720048,289.9,0.13577748052069727,분해 정합 변종 CDLD-A,CDLD-A,
base,real,0,B,869183,62768.18359375,73083.59375,0.7847033443935145,295.2,0.14114536008637368,분해 정합 변종 CDLD-A,CDLD-A,
base,real,3,A,898456,65167.51953125,75049.609375,0.7769448323382755,311.8,0.13167410098528576,분해 정합 변종 CDLD-A,CDLD-A,native CDLD A
base,real,1,B,870947,63262.28125,73727.5390625,0.7891333498390126,316.4,0.1419450309283813,분해 정합 변종 CDLD-A,CDLD-A,
base,shuffle0,4,B,856770,62663.5234375,72333.28125,0.7765029926819798,287.9,0.1336833839886118,분해 정합 변종 CDLD-A,CDLD-A,
base,real,2,B,867192,62659.7421875,73266.7734375,0.7880973517104738,288.9,0.1447727360213057,분해 정합 변종 CDLD-A,CDLD-A,
base,shuffle1,3,B,898456,65218.40625,75049.609375,0.776749132392924,283.8,0.1309960598978801,분해 정합 변종 CDLD-A,CDLD-A,
base,real,4,A,856770,62661.97265625,72333.28125,0.7780772644166684,305.2,0.13370482337616896,분해 정합 변종 CDLD-A,CDLD-A,native CDLD A
base,real,0,C,869183,62082.86328125,73083.59375,0.7936857867477831,274.8,0.150522571541578,분해 정합 변종 CDLD-A,CDLD-A2,
base,shuffle1,1,C,870947,63597.75,73727.5390625,0.781549910277337,312.9,0.13739491635429224,분해 정합 변종 CDLD-A,CDLD-A2,
base,real,2,C,867192,61971.328125,73266.7734375,0.7966915406662668,306.4,0.1541687286411697,분해 정합 변종 CDLD-A,CDLD-A2,
base,shuffle0,2,B,867192,62972.9453125,73266.7734375,0.7828543447685749,302.0,0.1404979043301411,분해 정합 변종 CDLD-A,CDLD-A,
base,shuffle1,4,B,856770,62672.0,72333.28125,0.7764494057302417,295.7,0.13356619640423129,분해 정합 변종 CDLD-A,CDLD-A,
base,shuffle1,1,B,870947,63639.3046875,73727.5390625,0.782831667526866,299.7,0.1368312913095885,분해 정합 변종 CDLD-A,CDLD-A,
base,real,1,C,870947,62374.35546875,73727.5390625,0.7982985218526404,313.0,0.15398837039882385,분해 정합 변종 CDLD-A,CDLD-A2,
base,shuffle1,2,C,867192,63056.1484375,73266.7734375,0.7810619384580392,304.6,0.13936228553465835,분해 정합 변종 CDLD-A,CDLD-A2,
base,shuffle1,4,C,856770,62745.3671875,72333.28125,0.7777938762314911,306.9,0.13255190275914652,분해 정합 변종 CDLD-A,CDLD-A2,
base,shuffle0,4,C,856770,62735.37890625,72333.28125,0.7778748646343003,307.4,0.1326899896961331,분해 정합 변종 CDLD-A,CDLD-A2,
base,real,3,C,898456,64111.32421875,75049.609375,0.7913367096236559,306.9,0.14574739625351985,분해 정합 변종 CDLD-A,CDLD-A2,
base,shuffle0,0,B,869183,63078.9765625,73083.59375,0.7794033956621236,304.3,0.1368927918586379,분해 정합 변종 CDLD-A,CDLD-A,
base,shuffle1,0,C,869183,63154.875,73083.59375,0.7781172481176931,309.9,0.1358542764599613,분해 정합 변종 CDLD-A,CDLD-A2,
base,shuffle1,3,C,898456,65209.7265625,75049.609375,0.7758832348038356,303.5,0.13111171256512621,분해 정합 변종 CDLD-A,CDLD-A2,
base,real,2,A,867192,62962.515625,73266.7734375,0.7821780612970914,304.0,0.1406402565453495,분해 정합 변종 CDLD-A,CDLD-A,native CDLD A
base,shuffle0,1,B,870947,63648.671875,73727.5390625,0.7825252273805652,300.0,0.13670423990357228,분해 정합 변종 CDLD-A,CDLD-A,
base,shuffle0,1,C,870947,63613.62109375,73727.5390625,0.7809595139205106,312.9,0.13717964952249762,분해 정합 변종 CDLD-A,CDLD-A2,
base,shuffle0,0,C,869183,63170.7578125,73083.59375,0.7778775156302965,306.6,0.13563695254791708,분해 정합 변종 CDLD-A,CDLD-A2,
base,real,1,A,870947,63580.9296875,73727.5390625,0.7828248915841947,301.2,0.13762305786984919,분해 정합 변종 CDLD-A,CDLD-A,native CDLD A
base,shuffle1,2,B,867192,62984.453125,73266.7734375,0.7826813004045451,295.7,0.1403408370544842,분해 정합 변종 CDLD-A,CDLD-A,
base,shuffle0,3,B,898456,65204.859375,75049.609375,0.7768295342515428,284.6,0.1311765655009447,분해 정합 변종 CDLD-A,CDLD-A,
base,real,4,B,856770,62364.18359375,72333.28125,0.7819126889039721,301.0,0.13782172582209518,분해 정합 변종 CDLD-A,CDLD-A,
base,shuffle1,0,B,869183,63057.609375,73083.59375,0.7795592491548546,303.6,0.1371851582626915,분해 정합 변종 CDLD-A,CDLD-A,
base,real,0,A,869183,63089.3359375,73083.59375,0.7792791875088318,320.3,0.1367510449292869,분해 정합 변종 CDLD-A,CDLD-A,native CDLD A
wardX,shuffle1,3,B,898456,64782.80078125,75049.609375,0.7838472237472898,343.1,0.13680029355582501,분해 정합 변종 — 병동 통제,CDLD-A2,
wardX,shuffle1,1,B,870947,63028.015625,73727.5390625,0.7894521181674906,361.6,0.14512248168801412,분해 정합 변종 — 병동 통제,CDLD-A2,
wardX,shuffle1,0,C,869183,62718.265625,73083.59375,0.7851073570732457,367.7,0.14182838573123668,분해 정합 변종 — 병동 통제,CDLD-A2,
wardX,real,0,A,869183,62699.71875,73083.59375,0.7860561608435412,355.7,0.1420821619079179,분해 정합 변종 — 병동 통제,CDLD-A,native CDLD A
wardX,shuffle1,0,B,869183,62687.26171875,73083.59375,0.786134239464099,354.3,0.1422526109869905,분해 정합 변종 — 병동 통제,CDLD-A2,
wardX,shuffle1,4,C,856770,62341.70703125,72333.28125,0.7852877732151164,349.1,0.13813246193293627,분해 정합 변종 — 병동 통제,CDLD-A2,
wardX,real,4,A,856770,62292.578125,72333.28125,0.7836774987567422,383.6,0.13881166389088706,분해 정합 변종 — 병동 통제,CDLD-A,native CDLD A
wardX,real,4,B,856770,61970.1640625,72333.28125,0.7905249972251881,341.2,0.14326900436996282,분해 정합 변종 — 병동 통제,CDLD-A2,
wardX,real,1,C,870947,62162.625,73727.5390625,0.8001561132091195,362.8,0.1568601666291376,분해 정합 변종 — 병동 통제,CDLD-A2,
wardX,shuffle0,1,B,870947,63040.4609375,73727.5390625,0.7891947591905063,373.2,0.1449536802786866,분해 정합 변종 — 병동 통제,CDLD-A2,
wardX,shuffle1,2,C,867192,62637.0390625,73266.7734375,0.7878809128984706,366.8,0.1450826053377069,분해 정합 변종 — 병동 통제,CDLD-A2,
wardX,shuffle0,4,C,856770,62344.2421875,72333.28125,0.7851139591590995,372.1,0.13809741366461237,분해 정합 변종 — 병동 통제,CDLD-A2,
wardX,shuffle0,1,C,870947,63137.328125,73727.5390625,0.787933703294583,373.1,0.14363982674808273,분해 정합 변종 — 병동 통제,CDLD-A2,
wardX,real,0,B,869183,62425.94140625,73083.59375,0.7900124429959665,358.1,0.1458282467636589,분해 정합 변종 — 병동 통제,CDLD-A2,
wardX,real,2,B,867192,62366.375,73266.7734375,0.7931980580346408,363.3,0.14877683192639224,분해 정합 변종 — 병동 통제,CDLD-A2,
wardX,shuffle0,2,C,867192,62608.88671875,73266.7734375,0.7884947475362187,369.5,0.1454668496878968,분해 정합 변종 — 병동 통제,CDLD-A2,
wardX,real,3,B,898456,64492.01171875,75049.609375,0.7881452612375834,353.5,0.14067491815309663,분해 정합 변종 — 병동 통제,CDLD-A2,
wardX,real,3,C,898456,64010.1953125,75049.609375,0.7942804385064886,360.1,0.14709489035898127,분해 정합 변종 — 병동 통제,CDLD-A2,
wardX,shuffle1,2,B,867192,62655.01171875,73266.7734375,0.7890006920918357,359.0,0.1448373010147953,분해 정합 변종 — 병동 통제,CDLD-A2,
wardX,shuffle1,3,C,898456,64839.2890625,75049.609375,0.7824825040086806,356.7,0.13604761433843238,분해 정합 변종 — 병동 통제,CDLD-A2,
wardX,shuffle0,3,C,898456,64837.7109375,75049.609375,0.7825134507252521,360.5,0.13606864209611347,분해 정합 변종 — 병동 통제,CDLD-A2,
wardX,shuffle0,0,B,869183,62708.2890625,73083.59375,0.7859844622928935,355.3,0.14196489465188622,분해 정합 변종 — 병동 통제,CDLD-A2,
wardX,shuffle1,1,C,870947,63109.515625,73727.5390625,0.788227188573556,365.3,0.14401706028054095,분해 정합 변종 — 병동 통제,CDLD-A2,
wardX,shuffle0,3,B,898456,64775.91015625,75049.609375,0.7838935538889573,360.3,0.1368921078245119,분해 정합 변종 — 병동 통제,CDLD-A2,
wardX,real,1,A,870947,63066.15625,73727.5390625,0.7893500438471359,375.5,0.14460516311906435,분해 정합 변종 — 병동 통제,CDLD-A,native CDLD A
wardX,shuffle0,0,C,869183,62732.1328125,73083.59375,0.7850184026233293,378.5,0.14163864153847794,분해 정합 변종 — 병동 통제,CDLD-A2,
wardX,real,2,C,867192,61807.546875,73266.7734375,0.7988327472125595,348.8,0.15640413825886923,분해 정합 변종 — 병동 통제,CDLD-A2,
wardX,real,3,A,898456,64778.3984375,75049.609375,0.7838939727071107,351.9,0.1368589526719306,분해 정합 변종 — 병동 통제,CDLD-A,native CDLD A
wardX,shuffle1,4,B,856770,62228.22265625,72333.28125,0.7865580684987974,379.2,0.13970137147276174,분해 정합 변종 — 병동 통제,CDLD-A2,
wardX,real,1,B,870947,62712.36328125,73727.5390625,0.7939456024436926,365.6,0.14940381737022668,분해 정합 변종 — 병동 통제,CDLD-A2,
wardX,real,2,A,867192,62516.59375,73266.7734375,0.7889166587886638,374.8,0.14672653350390008,분해 정합 변종 — 병동 통제,CDLD-A,native CDLD A
wardX,shuffle0,4,B,856770,62223.0390625,72333.28125,0.7865598597488428,375.4,0.1397730341107677,분해 정합 변종 — 병동 통제,CDLD-A2,
wardX,real,0,C,869183,61934.359375,73083.59375,0.7957103696295893,367.1,0.15255454477428454,분해 정합 변종 — 병동 통제,CDLD-A2,
wardX,real,4,C,856770,61487.734375,72333.28125,0.7963912857929791,381.3,0.14993854402256912,분해 정합 변종 — 병동 통제,CDLD-A2,
wardX,shuffle0,2,B,867192,62604.59375,73266.7734375,0.7889065172692054,358.1,0.14552544335250872,분해 정합 변종 — 병동 통제,CDLD-A2,
